user_id,id,name,email
304,f8f0a8f5-599a-4874-bef5-a0d33b1f6467,Veronica Thompson,crystalrogers@example.com
143,975185b7-0919-4726-b132-c83e95010e53,Melissa Hoover,harriselizabeth@example.com
98,9701fe9f-e2c5-4ab4-bcd9-ee1c38fc2c71,Karen Allen,tammyhuff@example.org
321,98a1bdc8-46a8-449c-84ef-1c2d65599209,Richard Johnson,scott43@example.org
44,59445aa0-6b26-4cb4-9e55-1910b67cb39a,Emily Mitchell,rachel71@example.org
225,276bb5ec-f226-4cd0-a63e-55b35970af4b,Dean Rodriguez,thompsonconnor@example.org
303,024100cc-a048-474e-94bf-d6bac3042fe5,Eileen Bowman,michaelchavez@example.org
103,9fb277b7-0fe0-41e3-8955-66951bf4cdcc,Lindsey Burch,zdavis@example.org
262,6b4b6475-05d5-44e2-a9ba-38dfdef44c55,Jimmy Wilson,kimberlyjones@example.org
245,7b298f72-c38e-4d39-a6f7-3b28a4680108,Linda Choi,harrelljulie@example.org
72,5f70b8ce-cd3e-4fce-9f5c-84eda348bc5e,Vicki Simmons,daltonolivia@example.net
166,f241b983-ede0-4d99-b569-d23f3c8690c2,Willie Smith,cassandra00@example.org
372,a9767da0-7dd3-45ba-ae97-ff4165b7c716,Jordan Williamson,anthonyhowell@example.org
68,26e8e14b-7fff-4f9f-832f-5850accf63f0,Erin Liu,marioray@example.org
299,fa7eaa84-a891-4e3a-a8bf-8ba2dfaa3a1d,Megan Owen,alisonmendoza@example.net
267,1f72cd7a-31c6-4aac-a924-69bee8853d1a,Matthew Garza,hodgesjesse@example.com
41,1e107fa3-7c6c-40eb-985a-488478499190,Adam Johnson,tmedina@example.com
112,0557d540-e103-4adf-9507-3118e4ce2ea1,Francis Alexander,howilliam@example.com
367,384b2bf2-b66c-43c6-97a1-c919526b54f9,Christopher Kane,colton97@example.net
61,915f25d1-b5b5-4923-9836-931800f67420,Taylor Hancock,dturner@example.net
74,4eb7d0a1-45c2-49af-b943-cf2a88bf6846,Matthew Baxter,ddavis@example.org
116,9f7680b9-3ebc-4046-9bf0-b2da35cde4e6,Michael Mendez,randallsmith@example.net
289,155e7157-4d26-4174-8606-81005ddd0937,Joseph Evans,hernandezdaniel@example.net
122,2c837eca-f8b6-4d53-9bb7-1f58c182dab7,Katherine Richardson,scruz@example.org
196,d0a3a6a1-450a-4773-b80d-3567efeb14ac,Joan Lewis,jacksonjessica@example.net
247,4428bd35-c779-415e-9799-5bd62e79abc7,Christina Mcconnell,zacharyellison@example.org
272,39a518cd-6bc4-425f-b4ce-041c3945497d,Connor Barnes,hawkinsmark@example.org
333,5935baef-c4f0-4965-a12f-0057600aa7c3,Holly Benton,vhamilton@example.com
197,a9ad17e0-0015-4f10-9b90-c8e66419dcc0,Eric Holloway,deleonmary@example.org
257,31680393-7637-4887-b74c-53bf9f94081e,Andrew Garcia,johnstonlarry@example.org
226,95e4e6fb-e70d-4a81-9499-407e3edb5b32,Holly Mckenzie,gibsondouglas@example.com
155,083dad75-a8b2-45e2-afc9-f719b55dd005,Brandy Jefferson,ethan82@example.net
273,f7773bda-6457-41e9-baf1-e7ee2c30c238,Jodi Walker,michael25@example.com
153,fe5095cf-d633-483f-a4d7-57430595c896,Alyssa Owens,nashjohn@example.org
318,e61dde23-5c95-4b98-8547-06fe80facb10,Paul Cherry,farrelljose@example.com
221,e17bc513-fca7-4d06-aa3e-d2372846c831,Robert Bailey,wweeks@example.org
261,30224809-a483-424f-baa1-8f60f0703320,Christina Clark,ycoleman@example.com
124,4dd07c27-1a4d-4918-b0dc-3e994439ee1a,Wendy Martinez,phillipsjustin@example.net
386,30cf469e-ad81-4fde-9064-44942bccb61c,Joseph Graham,christinemarquez@example.net
300,83d8df5f-c882-4c44-9fa4-362b6655e2a1,Ann Thomas,joshuawilliams@example.net
106,aa318d74-378a-4aa5-9e80-42f0953dae73,Oscar French,johnsonsteven@example.net
337,82f24057-d250-41e0-9acd-2781a0ac04f7,Cheryl Saunders,catherinerichardson@example.com
8,0c529a25-5a9d-498b-ba5c-66435e5b908c,Derek Washington,imichael@example.com
118,8c656a81-cb4f-41b0-8eec-56fea8ae7e5c,Tina Reynolds,markgomez@example.com
182,5d4d8dc0-fbc7-4354-8cdb-3bb0a1476d49,Bryan Herrera MD,aliciawilkinson@example.net
302,52e9598c-8ba2-4d89-a9a0-6292672d69fe,Kathryn Carroll,williamskaren@example.org
77,fc3855cb-4788-4ecc-9e50-1922860c27ec,Francisco Stevens,larsonaaron@example.com
193,7186a382-fb88-4d6d-99b5-52ce277298ef,Vanessa Jones,martinjanice@example.org
219,0822ae7f-fd74-4856-b2f0-0ef9c01894e4,Cameron Carrillo,uwilkins@example.org
253,27a8b687-cdc3-4b8f-9149-93f33599334a,Edward Taylor III,david97@example.org
115,164568fa-3b6c-4757-95d8-df99d940d49a,Emily Williams,david35@example.org
105,f9dc3c13-1fb2-4c29-8b6f-576690c4bd16,Rodney Sullivan,thomasrobert@example.com
274,2f971013-23cd-4c99-86f9-7b7bfb232db2,David Young,donna75@example.net
7,0c328c1e-354e-4a91-8b86-9031fbb36fb1,Keith Schmidt,lrogers@example.org
123,9f642dd7-2f04-4cf3-b55b-872ab73c34cd,Donna Farmer,andrewmurillo@example.com
236,004c4b3e-eefb-410a-9c37-a1970b61b59e,Nicole Hamilton,pgriffin@example.com
338,6c4857f7-48ac-4fa9-857e-23a9619c28ad,Derek Trujillo,shawadam@example.net
222,69c3ac8c-6b36-4b57-b0c2-69e353f2ca37,Mrs. Paige Solis,carterzachary@example.net
100,da6d88cc-4fe5-4618-bd01-612e8655e949,Nicholas Ramos,kristinbooker@example.com
374,d97c2c75-c92f-48a9-bcf6-97deab4addff,Erica Johnson,gturner@example.org
131,737ff9d0-12f0-410f-bdc7-9730b339702f,Matthew Liu,sandra37@example.org
323,b30ce367-a11f-41d0-ae2a-4f744bfaac19,Andrea Vazquez,jasonwebb@example.org
329,3ae24fa8-d220-4cf6-aa70-88f60bb97a0d,Bryan Lambert,williewarren@example.org
258,1f02c61b-c929-47ae-bfcf-1e76cf579e89,Robin Mcdonald,cherylfreeman@example.net
161,d4edb742-3e48-400a-99c9-98fc2eec4aa1,Mr. Andrew Williams,madisonspencer@example.com
214,587ef362-56b4-476a-8a28-e6680c422e42,John Green,jennifer39@example.org
383,2d638822-c296-43fa-8b11-c9a8d72fd098,James Ramos,johnsonmiranda@example.com
107,4720a05b-35d9-420f-b2fb-cb6d54f328af,Carla Richardson,qmartin@example.org
54,e09b7175-5020-4fc5-a13e-62d918fffdcc,April Hendrix,jacksongregory@example.com
280,791669f2-244a-4c54-a260-4488a1af7b5f,Timothy Lee,smithdeanna@example.net
244,57d5bed7-012d-4c60-a093-6d130ae1282c,John Davis,jtucker@example.net
34,71cf858e-8288-4d81-99ea-9de0712b8dbb,Sheri Johnson,smendez@example.com
40,38d04581-fe28-4d2e-b1c3-eae1915e46a3,Charles Bailey,zburns@example.com
233,77a0922e-d370-46f0-a85b-6bfd59c06a54,Brandon Levine,bdaniels@example.com
287,a0d1333e-2ae0-42a3-bb2a-c4011af13db9,Stephanie Lawson,summermartin@example.net
238,fb4d5955-24db-4187-84bd-c8b7d363e29c,Shawna Daniel,michaelrose@example.org
307,e2a388c1-ffec-4721-a511-f939e6ccfe95,Luis Reed,hudsonjohn@example.org
144,8baacb51-f70d-4cfb-b340-bdc9ecc36ac1,Sean Barry,christopherharrison@example.com
191,42ec0c87-c976-41d4-8f70-7a2356b614bb,Mark Riley,jasonkemp@example.com
316,bd2a45e5-6940-4b99-9e45-0f3b43682b12,Michael Ramirez,roberttaylor@example.net
127,11b33087-e9c5-4f92-bb94-db445db431a3,Jodi Dougherty,nwallace@example.net
140,6acdf668-1d86-40ee-84fa-bb6315399e8a,Brandon Jones,pecktara@example.org
15,7ccba55c-02ca-4c07-be53-f47ec53fa35e,Sarah Nielsen,patrick70@example.net
71,d1431672-299c-4242-a995-9cf90da81166,Ashlee Harris DDS,skeller@example.net
156,607ff18e-bdb6-4d83-b45f-490435a64ad6,Donald Osborne,marissawatson@example.org
224,7686b3cc-63c7-4725-be33-b41a0022cb96,Jay Morris,nguyennancy@example.net
94,12e0ea2a-dddd-401c-9522-bda58371c250,Shelby Duran,davidfowler@example.net
256,ff2575cd-650b-447b-89b0-aeb7bb236687,Edward James,williamsondana@example.net
145,7be64c52-21cf-43e8-b0b5-797f3fa21990,Francisco Rios,andrewrichards@example.org
220,7ca862bb-e882-4c03-b91a-302ce953f34e,Tara Taylor,denise66@example.com
320,77c7d826-f5c3-44e3-97b3-fd7a2e9330fb,Latoya Clark,brownkerry@example.net
85,f3655bbc-3779-47e3-a37f-17b9ac3ad17f,Paul Smith,nwheeler@example.com
186,d5815ede-ac33-4804-b808-cd1f7b498d93,Christopher Rogers,jenkinsstephen@example.com
66,e6199aa3-9d18-4c5c-88c9-73cd4cd48d27,Walter Krause,adrian87@example.com
3,662360d0-4758-4de3-a2c4-ef124d373016,Robert Simmons,jonathan31@example.net
324,b4fb8c19-cc6a-48d5-8dca-b697cea2fa82,Christopher Nichols,morgan05@example.net
175,34339a33-3bb0-4f98-b412-f3a95a79e798,Megan White,annewu@example.com
27,c24e7694-5eb5-4ade-9af4-4328731d71d9,Christine Lee,jennifermiller@example.org
70,75bd0218-277e-4ed3-b99a-cd47b14c7cf0,Kathryn Hodges,lewiselizabeth@example.net
308,c4b6db7d-10f1-4820-bb80-7a3bed1b2abd,Amanda Brown,rodriguezdavid@example.org
150,629921ad-01c1-4b33-8b06-0802262b144b,Danny Johnson,cassidy37@example.com
339,6c47f81e-ba93-4280-b592-bb2ec32ee598,Robert Baker,john25@example.com
358,f855af65-67ef-41af-ba8f-c153b98df289,Susan Greer,odonnellkyle@example.org
93,c6693901-9c50-494e-a01c-5aaf2492edb4,Jessica Willis,nguyensarah@example.org
25,97c69abe-3407-4d3d-bebe-892e5be3533d,Mark Alexander,oliviawu@example.com
16,19df160f-8ec6-4a05-b0b0-756767744db2,Jose Espinoza,lauradixon@example.com
12,c5711c07-4ed4-463a-8b13-22eba7240e84,Charles Tucker,xscott@example.com
190,36d24fa7-d1e8-41df-98da-b8c5a15faa4b,Teresa Coffey,kaitlynhensley@example.org
388,aca05f01-3f1c-4450-8690-e4187404cec7,Miguel Porter,kimberlyvance@example.com
398,b4644865-d71b-43ad-b5c1-c0447828998d,Ana Gomez,vanessa40@example.org
17,b6b9f454-aa98-41e2-ab7d-3d64306f3634,Pedro Fuller,lisahamilton@example.org
396,d58e5728-3115-4b67-8c92-c2880b51e365,Daniel Lee,joselloyd@example.com
43,87ffc22f-2832-459c-9e9a-90d2c051c80b,Gina Mckenzie,christiantodd@example.com
378,9050d9a9-992c-4493-8e70-5254270509de,Christine Campbell,kristen64@example.org
326,ebdd2adb-7279-45a7-818e-bb57b30f9327,Rebecca Montgomery,jhughes@example.net
79,06620eee-fe1e-461d-890f-7968d56e32bf,Sharon Manning,plynch@example.com
351,b8a64b8e-ecec-47b7-8c3f-420ab1b0e43e,Anthony Love,henry48@example.org
67,0f645053-8f3a-4dda-869d-c3262981ab83,Jason Gardner,brandi82@example.net
19,1a2bb753-fc3f-48a1-b6d8-4854818aa36c,Frank Jones,kevin65@example.net
381,c27cf3ba-524f-447d-ac17-2a90b5eae45e,Rhonda Barber,frank59@example.org
252,7689be67-540a-4d1b-9193-5fff9db332e2,Heather Winters,xcisneros@example.com
28,633207f8-1dba-4f89-97cc-7b850f3b62b9,Nicholas Underwood,smcfarland@example.org
345,f739ee37-08e2-4447-864b-1d2a6eee726f,Michael Ramos,adrian90@example.com
92,f9522b6b-2d43-4228-aa2e-8436e5ab41ff,Xavier Blankenship DVM,mayadam@example.net
101,0d0754b7-5f51-4782-b4a1-98e84c40121f,Ricardo Rivers,cclay@example.com
65,c4c50e0f-a884-4906-8f16-0b4f15655305,Kimberly Daniel,phenderson@example.org
327,f868be8a-5cd2-41ea-8f1a-735358d93c74,Aaron Foster,carrie70@example.net
111,d4998fa5-343f-4af1-8f40-d49aa7fe73c9,Patricia Mann,cameron29@example.org
113,1ac5b063-636d-441f-bfa8-379452f710d2,Donna Brown,kayla89@example.com
76,2c7bcbd2-a51d-47aa-a884-c3f5ae9b64a9,Daniel Pham,stephaniecole@example.org
10,b0c109f1-8dae-4f15-b5f5-a02a1508eeaf,Carolyn Fernandez,velasquezmichael@example.net
362,31173e35-f940-41b9-8c81-c81ad87f16ca,Benjamin Watson,qwilliams@example.com
73,05681bce-c88c-433c-9dca-8fdbab7f5075,Heather Edwards,emily87@example.org
235,87c4ca57-df64-4652-8360-a07bf755f03b,Amanda Jackson,wesleybriggs@example.net
392,10dc23f7-32ea-49dd-af61-1f46395f7286,Sierra Hoffman,robert00@example.org
232,31837c9e-0832-4831-bb0a-d4ac37bd3cf5,Scott Harrell,ryan07@example.com
283,ad5ee806-09b1-4e36-b7f0-c80568d341c3,William Freeman,danielle24@example.com
62,58044eaf-3c74-4147-be9f-44a9853f5e11,Donna Gonzalez,wanda83@example.com
389,010c163f-5b1d-4731-af58-41e03dce7512,Austin Reed,stacey53@example.com
128,3e0767c3-302d-474c-abea-d731562495f3,Michael Cooper,lpetty@example.net
361,17eb0c66-f765-4d46-9654-7728e27980bd,Larry Walsh,heatherjohnson@example.org
346,2c1ca7f1-89b3-46ca-990a-8bde3385cb73,Robert Ibarra,johnmartinez@example.com
194,24be0575-55db-4273-90dd-debd1b7f7ff4,Renee Cox,ksmith@example.org
80,73b639a5-630c-457c-9865-b0d6ac449ff4,Eric Nichols,robert22@example.net
310,d989d311-e590-4591-b199-677add35e31e,Kara Morgan,garciacassandra@example.org
264,1567b546-4c3f-4b9a-bc2b-893e8fa12057,Samuel Whitaker,pottschristian@example.com
295,8ccfc3e9-7ddb-4834-aa91-b7564e78b6b5,Johnny Velez,danamartinez@example.com
366,9254a4c7-dda6-41e5-9ca9-7c37316d05d9,David Walker,scottdouglas@example.com
309,58530500-e3dd-4fe2-99a9-e42e14a74fa1,Kathy Harris,williamsjulie@example.net
322,6b81b29a-d0f3-4d97-a987-42a879ac8b31,Mrs. Jennifer Rodriguez,lucas54@example.com
331,82b448ab-0d2f-466f-854f-841ddc804c62,Megan Harris,hgarcia@example.com
239,0013714d-423f-476d-b187-82bbad3e37c9,Jennifer Wilkerson,qdaniel@example.net
390,2f1b43c9-c502-4bfd-a1c7-5bc5ef870625,Joshua Murray,willierush@example.com
200,fd44a243-973a-4536-a3c9-a422c54458ad,Brooke Taylor,richard79@example.com
185,286dca80-44ce-411a-92ef-16937892b0ee,Mr. Cory Eaton,samanthamcgee@example.net
230,6f2fe137-6d4d-4d0b-953b-1ee0a10a1217,Brittany Newton,josephcourtney@example.com
352,9b22e45d-ba9f-4568-a97c-da4894bc963d,Terrence Rodriguez,timothy07@example.net
88,5eef1278-5583-43f5-9eb7-176cac886972,Kevin Beltran,hannahhernandez@example.net
353,62b5966a-fc63-42c5-b8bd-c387d0d45925,Daniel Fischer,charles61@example.org
45,a2c160ef-4ef8-42a9-8e95-9c6aa95e8a33,Roberta Gardner,andrew22@example.com
347,9a2e7335-19b1-43c0-bc12-536218a9719a,Travis Flores,nelsonamy@example.net
311,2395c4a7-0b09-4f9e-b287-3e6ac43c1ede,Emily Webb,miguel97@example.com
363,d846d1b2-15d1-4eae-beb7-9ada70c9b8cc,Paula Barnett,joanpatterson@example.org
254,02beb907-345a-4158-ba12-234108b3c2bc,Justin Bridges,ustewart@example.org
21,8dfca0b5-efff-46bb-903d-ede92a3e78c5,David Lawson MD,hallrobert@example.net
315,45cad47e-e586-494d-a3d2-94b7a0c18e3e,Albert Price,leah45@example.com
312,846ed53d-bc76-4813-a4d1-2a252cedf87c,Michael Vasquez,fwright@example.com
64,8646b635-a975-4f1a-90e5-7771f942fd9d,Ashley Thomas,allen02@example.net
240,12282fc5-1729-44e7-a2b5-aa1fa4ed18e4,Nicholas Simon,lramos@example.com
241,17d178d2-778f-4daf-ada0-ccc37baa0c80,Timothy Gonzalez,lisa85@example.com
130,6efa7ce3-cd50-47c0-90ae-07484ec6fca2,Diane Diaz,nicole57@example.org
248,a6088e1e-c710-4137-9cb9-436e40ae745e,Blake King,claire28@example.org
20,8c24d5c4-0086-43de-9826-c5a59989b841,Cheryl Howard,kinggregory@example.com
18,aae14803-9db6-4265-afc0-0ef9ffb69a1e,Mary Bridges,bennettstacey@example.net
279,01f6c4a7-43f4-42a7-b8f9-e43a95714578,Roger Thomas,erika09@example.net
203,ad507366-7bb0-4dde-b5ef-8c4747d33668,Donald Hoffman,jessica32@example.com
357,24dc3a37-ac9b-447f-ad1f-869b9c8db589,Matthew Short,denise98@example.org
217,685f3a69-75d2-4f43-963c-b8c9e05a9ed8,Thomas Shelton,lewiseric@example.org
210,3517c113-b3db-4b38-861d-def156ab34aa,Andrea Martin,hollylynch@example.net
394,d8c21ad4-d113-4f47-aab7-4b8f4c1a380e,Teresa Torres,tranrandy@example.org
146,0cb32c4a-f75f-47d5-b33e-01cd51b6cc7d,Jacob Downs,blairalyssa@example.org
344,a19b8a26-c619-400b-a86c-286e6397ca48,Julie Moon,mberry@example.org
157,872a99f6-d170-47f2-8e73-e95e26a9b0f9,Alexandra Campbell,salinasandrew@example.org
87,f90f9c02-a01c-4d16-b951-c0ed3086e73c,Mrs. Danielle Rowe,mendezsara@example.org
340,552e8144-37a5-47b1-abfb-0509cbbf018c,Krista Williams,mwalker@example.net
385,5d2d6478-8db5-4a19-9f29-9ce58a82c1b6,Spencer Smith,ewilliams@example.com
301,bb2c7ba3-6f83-45ad-a6ab-69e9aad2b7fc,Penny Anderson,evansjasmine@example.com
59,b4d89913-3ce4-406d-b31f-e4abf6ed314e,Randy Rogers,erikadorsey@example.net
133,3393110b-7890-469b-be81-304e3f63a65b,Dr. Jose Villegas,jamescrawford@example.net
95,1c537a53-4782-4bbc-93c9-966d1e8df498,Karen Alvarado,mcdonaldpaul@example.org
24,f5755e2d-22f8-4386-8b40-680a844cffa7,Alyssa Carter,grahamheather@example.net
209,7b73b7e9-cde1-4265-a0e9-ea79ad633ddb,Timothy Mccormick,stacey76@example.com
78,cc4842fa-7854-432a-9619-3732a1aa87f0,Michael Wilson,hilltimothy@example.org
134,f39232fd-d416-43f7-8669-f0f2aaddbd6e,Stephen Nunez,rebeccamiranda@example.org
170,f12a1f38-6ae9-4ea5-b998-29d1d883bd73,Russell Reed,bradleyanthony@example.com
154,b3419d56-c1f3-4f68-a8eb-31d1a1a63584,Robert Mckay,marcuscameron@example.net
199,5d375f75-aaf6-4edb-a797-10872b683058,Robert Sanders,christopherking@example.com
334,cd54acdc-962b-4471-a83d-d956beb9b9c4,Phillip Burke,andrea65@example.org
317,d61360d0-f317-4716-9799-e0b00fac36f3,Danielle Scott,nshepherd@example.net
96,614d1f69-6481-4eb3-8700-40a07f486961,Bethany Garza,zturner@example.net
305,434b68f8-0932-4f85-be51-ffbe69ba300e,Billy White,kimberlyallen@example.com
163,e78d19aa-ff04-4bae-9863-e44357d0da52,Kimberly Green,jonestara@example.net
348,d0825259-d1da-4612-9102-e2886681a853,Robert Ramirez,jonespatricia@example.org
114,91ecdce6-1e1e-4b9f-9bc2-ee43a9c8f722,George Porter,nelsonchristopher@example.com
173,50626189-5e15-4aa8-b5bd-341993c508e0,Paul Vance,rmatthews@example.org
138,3e5a3952-72a6-4a6d-a3cc-16b6aeca7c1e,Stephanie Cole,jonjennings@example.com
205,69634a24-d321-40f2-b6f4-78682ca4cd66,Jorge Acevedo,vwilliams@example.net
297,a6dd3bc0-aac6-4aff-887f-22e3a1a2e3dd,Brittany Schwartz,scott60@example.net
286,8bca5f63-45f0-48e8-b876-dc2e823902ce,Diane Campbell,zwilson@example.org
259,4ad1615a-47d5-4259-8292-9dfb1949160c,Robert Jones,ubenson@example.org
291,5d61f88d-e785-4aca-b3f7-db9c14d49cdf,James Peterson,yhernandez@example.com
379,8c9ca489-3f99-41ea-af0b-de9f70a4ff1d,Jason Rivera,danarussell@example.org
208,f7c5d41c-1711-4c9c-9f9d-891864de226e,Lawrence Garcia,nicholaslowery@example.net
360,24c568cf-e8d9-4038-9f6b-e60ba4e36a3a,Tiffany Turner,williamstephenson@example.org
356,337bca0f-1158-4621-9180-82ea7765a09d,Tina Davis,slarsen@example.org
30,5a5c43df-eac8-49c6-982a-173436ab0a6f,Christine Cannon,qclark@example.com
206,e55e92d4-6b5c-4fa9-ae97-7a5f1e38c97e,Christopher Lewis,ibrown@example.com
2,fdf649cf-f210-4750-af8b-9671f88838b5,Gregory Young,phillipstricia@example.com
120,f371b99f-41d1-4b5d-98eb-43e41c09d00f,William Keith,turnerjennifer@example.net
313,65fda4ab-e6ba-4a68-bf57-ea9ccccc5e67,Lydia Thompson,vnunez@example.org
33,8fca55fd-84ef-42be-88dd-db0a922fb505,Carol Randolph,melinda06@example.org
237,34365b36-fe6f-465a-ad38-23745640d39d,David Meyer,aguilaranna@example.net
223,8d79323b-4a57-4b35-a640-9dbc9e57d99a,Tyler Reed,lross@example.com
35,a4a16e13-304f-4a9e-94fb-51749bcb997a,Rachel Cain,edwardolson@example.org
395,69d61222-e060-4648-8f43-a96527edfb8b,Kyle Alvarez,stephanie87@example.org
75,1e73285e-befd-481b-9028-25a210f0a872,Mark Garrison,kturner@example.org
285,14a066e6-38ec-4e48-bf8f-ec9b784a6c32,Angela Tyler,monica83@example.net
397,8b22e002-2501-403b-8542-b50f6ea03e9c,Tanner Allen,kevin41@example.org
160,da8b5eeb-1809-4e07-ab00-348167939c55,Kelly Brooks,michelleolsen@example.com
228,e7763888-b90c-45e5-b189-15fad1a3afb2,Lisa Garcia,gary60@example.net
306,f6c23da5-60f1-4413-b141-c78806feb083,Kimberly Trevino,phambianca@example.net
52,c3a2d797-faf6-4202-aaef-41a05acbe9aa,Joshua Clark,atkinschristopher@example.net
319,af627865-a3ff-4daa-a2c8-6840276101c5,Kaitlyn Mack,alan75@example.com
152,96ae38fe-b639-4fb6-8e29-4205e1451f89,Gregory Reese,chrisdavis@example.net
158,aa90c99d-43da-4117-88a1-7d013ece7cef,Anthony Harrington,andrew46@example.org
91,6489582b-30ba-4f45-b611-53c48b706906,Sean Hunter,douglas08@example.org
23,7839c1a1-4ab7-4e93-9976-c4e8d7e196d9,Tiffany Adams,matthewhunter@example.com
355,cd76ff5f-2816-4df5-bde1-b6f81254217e,Ashley Fitzgerald,george37@example.net
48,0316cecd-0455-4798-b926-7761fd644f06,Justin Fisher,tarawest@example.com
42,2c4ab151-3d8c-43be-b7a7-1dc9815abfb7,Mary Wilson,masonkatherine@example.com
354,50410851-9af2-43cb-ad34-839e0cd81964,Brad Mckinney,christopher94@example.com
184,1a53bff4-787c-43c5-9403-5cfedbd521bb,Matthew Dawson,scottjason@example.org
314,9b5316d8-9795-4669-be5f-2e0540f867ec,Stacy Bennett,davidgarcia@example.net
282,24bca567-2976-43b6-ae61-9d2f914c5af6,Destiny Jackson,kevin77@example.net
276,744e439e-bbad-40e9-ad8e-349d877a0714,Zachary King,gregory45@example.org
249,f488be72-6ac7-4b7a-9fb5-96ad157a8b38,Ian Gonzalez,hughestracy@example.net
335,95ac95d9-11bc-4760-a6e1-1c20e9a0bd8c,Duane Wilson,dunlapjacob@example.net
387,f229a2ad-5273-40dd-a658-db6b4dc0ba73,Erik Nguyen,nowens@example.com
46,00d7b534-14ed-4956-ad88-8d0b8536ec58,Randy King,wpacheco@example.net
172,5341c1cf-c5c1-406c-8013-a5601e88d2fa,Troy Gonzalez,cooperbrent@example.net
215,b9c2f0a3-1204-4da3-bf02-a0db67b70551,Jessica Wallace,markewing@example.net
212,db0bd74d-1496-49ce-bd4e-0b6f68a70373,Dawn Patterson,hudsonjeanne@example.com
218,25d9939c-3dc5-46c1-9ba8-13fc8a521094,Stephanie Hudson,jonvasquez@example.net
298,2b34698d-5171-4e70-9397-1077ca2c4e71,Morgan Craig,walkerjohnny@example.com
202,ae86b1dc-7a1a-4c8e-b332-d03c11b48008,Theresa Huynh,nicholas92@example.net
51,8fc019e2-778d-4eb4-9c31-4c7c63cd0acc,Arthur Goodwin,jessicajohnson@example.org
167,044e7465-3e4f-47d6-9856-798c823debfd,Michael Harris DDS,othomas@example.com
382,5e6e7fbe-c0bf-40f2-9394-94c32d94030f,Francisco Carter,michelle40@example.com
125,eb7fce71-1e6f-4f49-877a-8429034fe2a5,Zachary Patel,webbshane@example.com
349,2fc7cae4-1c7e-4ce7-9c9e-1fe0c2778e53,Sheena Reyes,brownjo@example.net
110,36fd8917-f755-49a9-ae22-5c7f589bf64d,Jeffrey Miller,natalie16@example.com
4,fe57a275-2794-45cd-8d97-7105cab760f3,Tanya Shah,vwest@example.com
49,3bc4a2f0-5050-4bb2-bd48-136436226d79,Robert Marks,kylecarlson@example.net
9,c007c346-32b6-4f0f-85f7-e12a5c9cfc68,Heather Eaton,gilbertkristen@example.com
171,e32886dc-b7cc-4dd9-a7d7-59558e8d2e51,Kimberly Wright,stephanie56@example.net
399,1e34a395-e53e-4bf6-acbc-d2cffb6444fd,Brian Brown,rlee@example.org
6,28c50857-42f3-421a-b1a6-913b966eebc6,Jeffrey Hall,obradley@example.com
119,9225e222-0707-477f-b652-0439d3ec732b,Marcus Ryan,poncejonathon@example.org
393,3927349c-e246-4a50-bc33-98061f06dd5b,Alan Myers,thomaswoodward@example.com
377,6a2389ed-6df2-4734-a3bc-e2ef3eeb5d9b,Pamela Chapman,lauragonzalez@example.org
135,85c5ebe2-29b5-418e-a278-6fdb2321776a,Deborah Beck,smithallen@example.net
293,2445ef8a-f4a9-4344-9d70-5d9782558c26,Eric Thomas,christiandavidson@example.org
216,c71b4d3b-c4c8-4fda-8f24-ab915979ae47,Jennifer Hunter,cooperashley@example.com
165,003cf9de-d884-4ebc-93a2-764bb8a654d1,Karen Pierce,melissa65@example.com
139,504cf338-0762-4f86-b686-90e38027b920,Rachel Johnson,tsmith@example.net
284,257be7eb-fcaa-4c3a-aefa-03485c260622,Carol Griffith,samuelford@example.com
57,ed2c2663-d35f-4800-a56a-42e585c36228,Sonya Mueller,asoto@example.com
137,fb15d365-98b8-40b8-8e5e-79c9a5613421,Kristin Flores,pfoster@example.net
278,1cefc600-35b1-4950-abb1-2dcfbc256488,Kristen Jennings,elizabeth52@example.net
380,5efd9ef9-b57f-44eb-958f-d9b5d5a8757b,Bianca Miller,spark@example.org
192,2bcb8e2a-b3df-49a2-91d2-33a128ae4d46,Scott Johnson,andrew04@example.com
84,83e108f5-4a85-4f22-8c2a-bb1f7ab4f00b,Anne Wise,uscott@example.net
336,b74c46a9-1a33-42f3-80fa-c1eb11601527,Stephanie Williams,stephaniebarton@example.org
332,e72b0ca7-60de-4e7b-b8ee-c35917cd03cd,Heather Sandoval,rebecca63@example.com
201,f5df53ff-ad58-4d82-ba5d-68499c8014c4,Amber Rodriguez,shannon03@example.org
5,8e67d17d-6ba6-4c9c-b5fe-d2f7bc16a46b,Anna Kirby,chelseahughes@example.net
365,e6b38ee0-3e3c-46b0-9be1-96957153ad5d,Elizabeth Erickson,julia61@example.net
102,7bcb8acd-5e7c-415c-a5fb-ea6aceb2c0c8,Kristina Rojas,jamie87@example.net
90,cb8239ea-c78d-4cae-809c-6c3f5ca1f913,Dennis Dennis,gabriel34@example.com
211,d79fb75a-481c-449c-a512-41a3bd64a398,Sean Santos,ffoley@example.org
189,e2117376-cd38-4c30-a520-ab1d86d1a4b1,Sheila Parsons,cartershannon@example.com
97,5f2b6dcc-3037-4de4-b68b-85a48e5259a2,Adam Mcintyre,weaverkristi@example.net
266,61816964-d128-470f-b677-fe1f86f98b5c,Christina Wheeler,xhumphrey@example.com
227,583f1813-2683-422e-937e-5b2059471681,Samantha Sharp,bettygilmore@example.org
53,48530ed8-a611-442d-bb2d-d1c850553511,Ryan Boyd,rharrington@example.com
260,d5264a6e-58ab-4806-9adf-4e54b8457dfe,Brianna Green,joan91@example.org
180,83d8179a-08e8-4995-9a4e-6f75efe9c478,Daniel Wood,katelyn30@example.net
162,f0203b75-be4a-4b61-bce3-d60823bc14c6,Kelsey Anderson,larsenjacob@example.com
37,6f48efa2-1a10-43d9-83ab-bb3838bad7f8,Timothy Hunter,jason67@example.net
368,9cd786a2-51a6-40b1-9536-dfe29f19abf8,Rebekah Smith,gregorywilliams@example.net
47,2a174954-83ca-4855-a351-ec605a3350af,Mario Hansen,janetkoch@example.net
13,d0a54f5a-bb75-4cfb-9e7a-f6020f7aa2b4,Timothy Herrera,regina40@example.net
169,3d8d6218-8bc9-4fa9-8e20-07b8954d3ebe,Robert Miles,williamsjamie@example.net
22,5d92614c-3b32-4504-8e85-55198e961504,Ryan Lewis,moralesjason@example.com
109,d607651e-7964-411b-8d74-6f0779db036d,Jennifer Armstrong,brandoncortez@example.org
121,49ef4af8-8257-45b3-81b9-8d87dc7cceed,Deanna Goodman,smithrebecca@example.org
56,42410934-3551-46dc-ae13-8dee93ced066,Danielle Cooper,cassandra89@example.com
142,6502eccc-f4f5-46da-966c-e8401e65683a,Mason Hopkins,fbarnes@example.com
371,2e237bae-1f27-43f6-b4b8-e36711934f4e,Nicole Carr,wchambers@example.org
36,5026f208-ba6e-4c76-ab3a-c9c9b37d41b8,Diamond Estrada,bradytara@example.org
126,9ed47a4c-0adc-4866-997c-8349e6a394d6,Melissa Sanchez,clarkmichael@example.org
32,13242e0e-861e-406f-8f3c-4ededf50edd5,Jessica Allen,katelynsmith@example.org
263,3131a50e-a2ef-424c-ae69-25ee268f1e12,Emily Smith,ramseychad@example.org
290,608b186c-76fd-4f88-8ad5-66c888964ee6,Isaiah Roberts,alexray@example.org
181,a0c24247-adde-4b7f-a64d-24c878750341,Brenda Hamilton,russelldaniel@example.org
384,e435d92e-2c1f-4c64-ba0f-3ba5f1239e5b,Patricia Chang,wilsonjeffrey@example.com
255,e093f687-8eb0-4a60-840e-b834e2f47ec9,Michael Clements,quinnchad@example.com
350,0f36ee0b-fe2c-4d88-a371-287bbbbb6def,David Bowman,linda70@example.com
50,e1538684-400e-4ce8-8f83-61541dd7e7d4,Wesley Cook,austin81@example.org
81,d6f4eb05-3488-485b-a142-3444a7a79708,Derrick Sandoval,berrymarcus@example.org
188,7eed8e3a-ef5b-41d1-80cf-2dd97fc93893,Mark Tate,edwindelacruz@example.net
204,630e8489-977b-40af-b48b-61981de74061,Christian Erickson DVM,hlopez@example.com
243,7b61e577-d90e-49e9-abc5-b2aa602a8473,Matthew Brown,nguyensusan@example.org
328,8550f06c-e700-44f1-bdbc-e24b3749a192,Matthew May,bmyers@example.net
265,a11147b9-d4fd-4d7f-83ea-8437aa8b0271,Maria Sanders,jeremy53@example.org
82,c8d9823d-b03d-4179-bc38-eb088bd4bba5,Brittany Johnson,gcruz@example.com
108,9fee98c7-b71a-4752-8104-de8e9df78d7d,Russell Castillo,lbryant@example.org
149,ba880b3f-fbd3-4142-a87a-3da2b08fe2eb,Stephanie Shaw,gwright@example.net
325,9f097b01-322c-4f1e-af84-811990532f51,Bethany Wright,natashalindsey@example.com
11,29428b65-4e2c-477f-8a3d-d965c89bda62,Kristine Garcia,nmoore@example.com
129,8c05587b-181b-4db4-931f-6abdb03514df,Carrie Jones,rrogers@example.net
391,9eb603b1-fa14-4887-bcd3-405e84dc80f6,Maria Carter,phillipsandrew@example.com
63,bf78c50f-8734-4be7-ba33-d7bc83ad297d,David Bush,vmiller@example.com
39,dc47b932-dcc6-4cef-8e9c-23bba78bcf88,Teresa Warner,chapmanheather@example.com
375,ba415001-0813-49e4-8a74-9cb54388d2f5,Corey Lee,elizabethwilliams@example.com
277,a31bbeb4-6e42-4c05-8796-d03e18208eda,Kelly Green,drangel@example.org
281,ace028c4-e6cd-4565-84c0-fba472d92664,Ashley Scott,kristisoto@example.com
294,8778db39-c97c-4cfc-af15-68bfa0c9f1db,James Kramer,yallen@example.com
104,b432c3cf-a33f-44f4-85d9-23d51f084dd1,Stephen Hogan,imoyer@example.net
132,b870724a-441e-4d24-8f27-c3f350dddce3,Sarah Jones,harrischristopher@example.com
359,c519120e-2942-481f-aafe-93335d085e20,Katherine Watson,vincentpearson@example.com
229,838d6e8c-b1ea-40a8-895b-5bbcd7995ed0,Joy Ford,vnelson@example.net
207,9c156899-5b50-4737-88b2-06d6096c6665,Nichole Taylor,kyle59@example.com
343,5eaea0a1-cece-4d9f-aeeb-a2f500027370,Matthew Jones,paul41@example.com
342,6ed2a684-2f6b-4acb-828a-32679283f370,Alice Williams,andersondonna@example.org
99,2613f623-ded3-4507-aec1-aa436ddc2ed0,Zachary Joseph,terrywarren@example.com
29,6bb3d362-0de8-4eea-a7fa-49776b62c073,Deborah Mora,cindy08@example.com
168,3da24637-f030-4416-bf27-60c69fc23355,Steven Stephens,fishersean@example.com
159,0b8af903-40f1-435a-ac7f-e9919491c987,Tammy Mann,toddsanders@example.org
242,899fc6e9-ca6e-4fda-8dac-305a8ce15987,Katherine Schroeder,qmills@example.com
141,facd7d61-e5bf-4b69-8150-2b264a01c9a7,Michael Watson,zacharyodom@example.com
1,23b62f09-f502-4097-bced-a84b8270392e,Brandon Green,millerwilliam@example.net
292,540bed25-9982-44f1-9302-5f6f294d0ab5,Suzanne Lowe,sherry00@example.net
178,d63c83f3-67a5-48f4-ad47-0bf80dca1ab6,Michele Mcfarland,urodriguez@example.net
89,971a3f56-bde7-454f-8ec5-a28a82f0d52b,Aaron Benjamin,smithchristine@example.com
400,8bd7afeb-389d-4fba-9e67-ba697a2856b9,Joshua Mcintyre,julie55@example.com
69,3ff1ddf0-e67e-4c4d-95b7-c9c576411000,Luis Carter,ekent@example.com
183,364278ba-1009-4785-b8bc-ca6728797d48,Janet Howard,amandafernandez@example.net
117,5e802049-139d-4569-a3e5-f66197dcd1f4,Ruben Benjamin,tkemp@example.org
269,3ea32dae-0b55-438d-8caf-f2183d356940,Linda Gray,lisa84@example.com
213,5c586737-40f3-47c7-9fca-5d0c965a0e01,Evan Baker,ubrooks@example.com
179,a889ed72-e973-4f42-96f1-103733a10128,Karen Gomez,tsmith@example.com
330,012e1e09-d516-4b00-8244-51511779a464,Ronald Mitchell,hernandezjames@example.org
341,d634960a-1352-4d5b-ac36-c7ecc9b74855,John Harrison,cbrady@example.com
187,8cf09dca-3bcf-4a1a-939a-09bcec95a9c1,Kyle Aguilar,matthew93@example.org
55,e5f00885-ea17-4a7b-accf-8f6b0b47da9f,Andrew Horton,codyjohnson@example.org
31,79640dde-4a0c-4c49-bc95-17163bee481c,Andrea Frey,ashley56@example.com
174,019e9fbd-5162-4968-8e33-00f1594451f5,Thomas Cole,garysmith@example.com
288,cc8e480c-c071-4c36-a444-f09c7b71c645,Regina Boyd,meganmills@example.org
148,c699e833-8228-457b-aed0-13c42f838e79,Nathan Tran,charleslittle@example.org
60,6afcc598-5fb8-4643-ac29-15bd4ef3e1f7,Kyle Smith,crossgerald@example.com
38,d881400c-2ed3-4c48-9241-0aade10e6190,James Harris,wharris@example.com
83,e23088fa-7b1d-4c20-86c3-446e399497c9,Lance Hill,frodriguez@example.org
296,28e9acc6-c1d7-4eb6-b7b8-8c04a5537620,Barbara Stephens MD,greenemark@example.net
177,d1108640-3978-4a79-9ca2-3e8c36d5ee9a,Joshua Nunez,brandonroman@example.net
14,2d8cd7c8-9ea9-4e01-b665-d45a1507665b,Christina Hammond,alisonsweeney@example.com
86,a42a9c75-c533-4e84-8ee4-bd10b3355884,Judy Boone,brandongarrett@example.net
251,98560df9-a51e-4043-9282-f11d9e378994,William Schultz,kevin48@example.net
176,aee8d62a-5dd1-4765-a5b7-992e604914bc,Tonya Briggs,lopezmatthew@example.net
26,2a3d4ce8-8293-48be-ab0f-3c84ccbd0063,Desiree Bell,malikdavis@example.org
373,73205467-d69d-4c4e-96f4-6f03321b0606,Timothy Kim,jsmith@example.net
136,4706c35f-7671-46bb-9372-ea555e35b452,Elizabeth Mcdaniel,anitabooker@example.com
164,b0eab436-b88d-4b5f-9e68-cc6f3e760354,Robin Lee,angelaramos@example.net
376,3e41ef00-3861-42dc-a576-161de4040eca,Kristen Parrish,emily18@example.org
270,cbd244b2-c74f-4505-aa24-26a19d45b459,Alexis Simon DVM,santanalisa@example.net
250,a8566d8b-7306-4d2c-adb3-b46a75b0aee6,Karen Hendricks,raymond57@example.net
369,88dbe9a8-8ab2-459b-91a7-3f7b1d18917c,Travis Romero,pschultz@example.org
246,b0654e06-284e-4f6b-a36d-cb9b7e9e0f93,Curtis Martinez,vflynn@example.org
151,64557cc2-7092-4656-ba82-5d8ddf6f16f7,Kristi Roberson,danielmarshall@example.org
58,deaf2aab-69a1-4f58-9f2e-074caa4099be,Heather Jones,turnercarl@example.org
271,ce9d9850-c43c-4770-b46e-9d538c6ec54d,Doris Mitchell,mariahfaulkner@example.net
234,6ead92a1-154d-453a-ae28-ba25c3acb52f,Jesse Thomas,drogers@example.org
370,16e8d719-ef95-49d7-b746-c99c87c856cf,Phillip King,melody34@example.net
195,cfbefc70-0eb2-41aa-a467-acc584938166,Tina Johnson,justintucker@example.com
231,4bf3c163-07f3-48bc-803b-29978159add5,Donna Young,louissingleton@example.net
364,5bad2a20-80f8-4706-b284-599433d3e456,Tracy Haas,etucker@example.org
147,02cb64d2-9a73-4b18-bf26-9648a4516d4f,Marie Herrera,elizabethtaylor@example.com
198,df7c9f90-78a0-49b0-abdb-af10595b6e86,Philip Stuart,amanda39@example.com
275,4b62f0d4-6ae2-4e91-aae9-0d01fa5862cb,Robert Middleton,jennifer16@example.org
268,e356a22b-45a6-450d-a745-b6ad659af4ae,Stephanie Sullivan,dennisbell@example.com
