,user_id,preferred_regions,preferred_animals,preferred_types,preferred_clusters
0,1,"['Canary Islands', 'Romania']","[264, 72]","['Wreck', 'Pinnacle']","[2, 1]"
1,2,"['South Korea', 'Denmark']","[414, 223]","['Pool', 'River']","[0, 7]"
2,3,"['Cyprus', 'Russia']","[185, 424]","['Beach', 'Cave', 'Channel']","[0, 6]"
3,4,"['Tanzania', 'Philippines', 'Canary Islands']","[321, 29, 382]","['Lake', 'Ocean']","[0, 6]"
4,5,"['Honduras', 'Mauritius', 'Bonaire']","[275, 451, 350]","['Lake', 'Pinnacle', 'Ocean']","[1, 7]"
5,6,"['Philippines', 'Puerto Rico']","[324, 133, 232]","['River', 'Wreck']","[2, 0]"
6,7,"['Egypt', 'Jamaica']","[66, 387, 140]","['Channel', 'Fjord', 'River']","[7, 3]"
7,8,"['Chagos Archipelago', 'Saint Kitts and Nevis', 'Chile']","[287, 359, 304]","['Spring', 'Muck', 'Archaeological']","[2, 5]"
8,9,"['Gibraltar', 'France', 'Qatar']","[458, 33, 448]","['Ocean', 'Quarry']","[7, 3]"
9,10,"['Argentina', 'Italy', 'Slovakia']","[139, 173, 100]","['Wall', 'Sandy bottom']","[4, 7]"
10,11,"['Ireland', 'Northern Mariana Islands', 'Andaman and Nicobar']","[199, 382, 488]","['Wall', 'Sandy bottom', 'Cavern']","[7, 6]"
11,12,"['Fiji', 'Egypt']","[292, 385, 142]","['Pinnacle', 'River', 'Sandy bottom']","[4, 1]"
12,13,"['France', 'Jordan', 'Thailand']","[32, 428, 63]","['Archaeological', 'River']","[1, 0]"
13,14,"['Saint Vincent and the Grenadines', 'Luxembourg', 'Australia']","[218, 203]","['Sandy bottom', 'Cave']","[3, 0]"
14,15,"['Curacao', 'Federated States Of Micronesia', 'India']","[409, 27]","['Cave', 'Ocean']","[1, 5]"
15,16,"['El Salvador', 'Bahamas']","[224, 486, 100]","['Channel', 'Quarry']","[0, 3]"
16,17,"['Qatar', 'Aruba']","[134, 77]","['Quarry', 'Archaeological', 'Pool']","[5, 1]"
17,18,"['Niue', 'Mozambique']","[291, 148]","['Cavern', 'Channel']","[0, 3]"
18,19,"['Saint Vincent and the Grenadines', 'Trinidad and Tobago', 'Cyprus']","[357, 404, 227]","['Archaeological', 'Spring']","[3, 5]"
19,20,"['Madagascar', 'Virgin Islands', 'Philippines']","[152, 126, 225]","['Reef', 'Cavern', 'Lake']","[5, 6]"
20,21,"['Portugal', 'Cambodia']","[39, 295]","['Sea Loch', 'Fjord', 'Muck']","[6, 7]"
21,22,"['Greece', 'Argentina']","[203, 491]","['Sea Loch', 'Spring']","[0, 1]"
22,23,"['Australia', 'Bahamas', 'Qatar']","[310, 185]","['Ocean', 'Muck', 'Wall']","[7, 6]"
23,24,"['Kuwait', 'Madeira', 'France']","[121, 462]","['Ocean', 'Drift', 'Pinnacle']","[5, 7]"
24,25,"['Madeira', 'Sint-Eustatius', 'United Kingdom']","[90, 172, 251]","['Drift', 'Pinnacle']","[6, 0]"
25,26,"['Mexico', 'Jamaica']","[21, 451]","['Lake', 'Quarry']","[3, 7]"
26,27,"['Greece', 'Honduras']","[346, 268]","['Reef', 'Beach']","[1, 7]"
27,28,"['Guadeloupe', 'Romania', 'Poland']","[106, 224]","['Archaeological', 'Channel', 'River']","[4, 1]"
28,29,"['Madagascar', 'Peru', 'Vanuatu']","[462, 13]","['Lake', 'Spring']","[4, 6]"
29,30,"['Qatar', 'Luxembourg', 'Saint Kitts and Nevis']","[352, 261, 42]","['Reef', 'Quarry', 'Sea Loch']","[4, 2]"
30,31,"['Madagascar', 'Cambodia']","[381, 57]","['Ocean', 'Pool']","[6, 4]"
31,32,"['Brazil', 'Indonesia', 'Mauritius']","[27, 36, 285]","['Wall', 'Ocean', 'Muck']","[2, 4]"
32,33,"['Mauritius', 'Peru', 'Saudi Arabia']","[292, 146]","['Wall', 'Sea Loch']","[2, 1]"
33,34,"['Federated States Of Micronesia', 'Italy']","[276, 292]","['Fjord', 'Channel', 'Cavern']","[0, 4]"
34,35,"['Grenada', 'Norway', 'Portugal']","[310, 252, 105]","['Channel', 'Cave']","[6, 2]"
35,36,"['Puerto Rico', 'Libya']","[201, 321, 38]","['Cavern', 'Beach']","[1, 5]"
36,37,"['Chile', 'Costa Rica', 'Malaysia']","[27, 256]","['Cavern', 'Cave', 'Sea Loch']","[2, 6]"
37,38,"['Azores', 'Guam', 'Egypt']","[58, 312]","['Archaeological', 'Ocean']","[5, 4]"
38,39,"['United Arab Emirates', 'Curacao']","[500, 381]","['Beach', 'Spring', 'Fjord']","[0, 2]"
39,40,"['Brunei', 'Vietnam']","[448, 403, 462]","['Reef', 'Quarry', 'Muck']","[1, 4]"
40,41,"['Egypt', 'Russia']","[59, 303]","['Cavern', 'Lake', 'Archaeological']","[1, 7]"
41,42,"['Sweden', 'France']","[176, 409, 482]","['Wall', 'River']","[6, 0]"
42,43,"['Curacao', 'El Salvador']","[305, 160, 295]","['Lake', 'Cavern']","[5, 0]"
43,44,"['Greece', 'Romania']","[183, 279]","['Wall', 'Sandy bottom', 'River']","[2, 1]"
44,45,"['China', 'Belize', 'Cambodia']","[268, 468]","['Wall', 'Pinnacle']","[1, 3]"
45,46,"['Aruba', 'Cape Verde', 'Papua New Guinea']","[337, 206, 278]","['Ocean', 'Sandy bottom', 'Muck']","[0, 6]"
46,47,"['Bulgaria', 'Guam', 'Virgin Islands']","[176, 481]","['Sea Loch', 'Channel']","[0, 2]"
47,48,"['Slovenia', 'Australia', 'Sweden']","[366, 47]","['Fjord', 'Quarry']","[2, 0]"
48,49,"['Saint Kitts and Nevis', 'Turkey']","[225, 109]","['Channel', 'Sea Loch', 'Muck']","[1, 7]"
49,50,"['Greece', 'Azerbaijan']","[385, 307]","['Archaeological', 'Channel']","[2, 0]"
50,51,"['Austria', 'United States', 'Guam']","[282, 69, 294]","['Beach', 'Cavern']","[5, 2]"
51,52,"['Hawaii', 'Chagos Archipelago']","[262, 67]","['Archaeological', 'Fjord', 'Sandy bottom']","[1, 3]"
52,53,"['Vanuatu', 'Bulgaria']","[363, 7]","['Lake', 'Cave']","[2, 7]"
53,54,"['Saba', 'Philippines', 'Keeling Islands']","[409, 233]","['Wall', 'River']","[4, 3]"
54,55,"['Venezuela', 'Iceland', 'Malta']","[88, 217, 471]","['Ocean', 'Pool']","[3, 0]"
55,56,"['Benin', 'Luxembourg']","[127, 379, 200]","['Beach', 'Fjord', 'Ocean']","[1, 7]"
56,57,"['Mexico', 'Federated States Of Micronesia']","[277, 64]","['Muck', 'Archaeological', 'Sandy bottom']","[2, 0]"
57,58,"['Galapagos', 'East Timor', 'New Zealand']","[84, 302, 317]","['Drift', 'Ocean']","[7, 1]"
58,59,"['Palau', 'Canary Islands', 'Reunion']","[492, 155]","['Cavern', 'Pinnacle']","[1, 7]"
59,60,"['Bonaire', 'Maldives']","[298, 292, 323]","['Spring', 'Beach', 'Pool']","[1, 0]"
60,61,"['Peru', 'Vanuatu']","[403, 127, 316]","['Pinnacle', 'Drift', 'Wall']","[4, 7]"
61,62,"['Slovakia', 'Sint-Eustatius', 'South Korea']","[218, 185]","['Spring', 'Pool', 'Muck']","[4, 7]"
62,63,"['New Zealand', 'Romania', 'Slovenia']","[60, 458, 234]","['Pinnacle', 'Wreck']","[2, 3]"
63,64,"['Argentina', 'Azores', 'Niue']","[482, 88]","['Lake', 'Fjord']","[3, 1]"
64,65,"['Belgium', 'Taiwan']","[210, 395, 171]","['Sea Loch', 'Fjord', 'Cave']","[7, 5]"
65,66,"['Hungary', 'Peru']","[96, 152, 187]","['Pool', 'Archaeological', 'Cavern']","[1, 6]"
66,67,"['Qatar', 'Saba', 'Mauritius']","[403, 482, 33]","['Spring', 'Drift']","[0, 6]"
67,68,"['Jordan', 'Niue', 'Trinidad and Tobago']","[348, 108]","['Beach', 'Spring', 'Quarry']","[6, 2]"
68,69,"['Montenegro', 'Vanuatu', 'Brunei']","[5, 447, 135]","['Ocean', 'Drift']","[4, 5]"
69,70,"['Chagos Archipelago', 'Cayman Islands', 'Galapagos']","[49, 234]","['Wreck', 'Archaeological']","[4, 0]"
70,71,"['Maldives', 'Colombia']","[318, 154]","['River', 'Sea Loch']","[3, 2]"
71,72,"['Colombia', 'Jordan']","[374, 372, 302]","['Pool', 'River']","[3, 4]"
72,73,"['Hawaii', 'Portugal']","[3, 307]","['Lake', 'Ocean']","[5, 4]"
73,74,"['Slovakia', 'Sint-Maarten', 'Guam']","[15, 369, 70]","['Reef', 'Cave']","[3, 2]"
74,75,"['Senegal', 'Fiji', 'Canada']","[327, 248]","['Beach', 'Muck', 'Wreck']","[7, 6]"
75,76,"['Norway', 'Panama']","[252, 487]","['Muck', 'Drift', 'Wreck']","[2, 6]"
76,77,"['United Arab Emirates', 'Malta']","[231, 338]","['Beach', 'River']","[5, 4]"
77,78,"['Sint-Maarten', 'Brunei']","[330, 75, 64]","['Wall', 'Spring', 'Muck']","[7, 0]"
78,79,"['Keeling Islands', 'Andaman and Nicobar', 'Oman']","[285, 393, 134]","['Ocean', 'River']","[1, 4]"
79,80,"['Bonaire', 'Slovakia', 'Kenya']","[60, 253]","['Wreck', 'Ocean']","[0, 6]"
80,81,"['Malaysia', 'Poland']","[98, 405]","['Pool', 'Muck']","[7, 3]"
81,82,"['Guam', 'Andaman and Nicobar', 'New Zealand']","[176, 393]","['Sandy bottom', 'Wall', 'Archaeological']","[3, 7]"
82,83,"['Guadeloupe', 'Virgin Islands', 'Oman']","[19, 391, 324]","['Channel', 'Ocean']","[1, 2]"
83,84,"['Jersey', 'Qatar']","[376, 189]","['River', 'Fjord']","[7, 3]"
84,85,"['Curacao', 'China', 'Russia']","[73, 392]","['Ocean', 'Sea Loch']","[3, 2]"
85,86,"['Canary Islands', 'Taiwan', 'Kuwait']","[309, 186]","['Drift', 'Lake', 'Sandy bottom']","[0, 5]"
86,87,"['Vietnam', 'Indonesia', 'Northern Mariana Islands']","[351, 203]","['River', 'Sea Loch']","[7, 6]"
87,88,"['Vietnam', 'Iceland', 'Canary Islands']","[102, 325]","['Beach', 'River', 'Archaeological']","[3, 7]"
88,89,"['Panama', 'Malta', 'Puerto Rico']","[393, 462]","['Cave', 'River']","[0, 6]"
89,90,"['Hungary', 'Keeling Islands']","[59, 292]","['Sandy bottom', 'River']","[4, 1]"
90,91,"['Peru', 'New Zealand']","[161, 253]","['Pool', 'Pinnacle', 'Archaeological']","[1, 6]"
91,92,"['Bonaire', 'Finland']","[27, 269, 238]","['Ocean', 'Spring', 'Reef']","[3, 4]"
92,93,"['Egypt', 'Latvia', 'Curacao']","[83, 104, 288]","['Sandy bottom', 'Spring', 'Lake']","[3, 5]"
93,94,"['Sint-Maarten', 'Ireland', 'Iceland']","[457, 379]","['Archaeological', 'Channel', 'Sandy bottom']","[3, 2]"
94,95,"['Canary Islands', 'Virgin Islands']","[345, 251, 471]","['Drift', 'Pool', 'Sea Loch']","[2, 6]"
95,96,"['Andaman and Nicobar', 'Philippines', 'Luxembourg']","[36, 425]","['Pinnacle', 'Wall', 'Ocean']","[6, 5]"
96,97,"['Chagos Archipelago', 'Madagascar']","[243, 424]","['Archaeological', 'Pinnacle', 'Quarry']","[6, 5]"
97,98,"['Malta', 'Bermuda', 'Saint Kitts and Nevis']","[17, 421]","['Wall', 'Archaeological']","[4, 6]"
98,99,"['Sint-Maarten', 'Germany']","[23, 259]","['Sandy bottom', 'Wall']","[5, 7]"
99,100,"['Gibraltar', 'Sweden', 'French Polynesia']","[279, 231, 479]","['Pinnacle', 'Spring']","[7, 3]"
100,101,"['Sudan', 'Vanuatu']","[281, 280, 98]","['Muck', 'Channel']","[7, 3]"
101,102,"['Romania', 'Dominican Republic', 'Greece']","[255, 296, 345]","['Cavern', 'Sea Loch']","[3, 7]"
102,103,"['Brunei', 'Costa Rica']","[458, 170, 4]","['Beach', 'Pinnacle', 'Spring']","[3, 2]"
103,104,"['Brunei', 'Brazil']","[380, 29]","['Reef', 'Sandy bottom', 'Fjord']","[3, 7]"
104,105,"['Brunei', 'Guam']","[499, 452, 47]","['Quarry', 'Channel', 'River']","[4, 6]"
105,106,"['Senegal', 'Curacao', 'Trinidad and Tobago']","[350, 374]","['Quarry', 'Cave', 'Beach']","[5, 7]"
106,107,"['Indonesia', 'Taiwan', 'Iceland']","[73, 262]","['Channel', 'Wreck', 'Lake']","[4, 6]"
107,108,"['Madeira', 'Aruba', 'Galapagos']","[466, 428]","['Ocean', 'Wreck']","[1, 7]"
108,109,"['Switzerland', 'Denmark', 'Azerbaijan']","[85, 202, 441]","['Pinnacle', 'Wall', 'Cave']","[6, 2]"
109,110,"['Benin', 'Costa Rica']","[96, 122]","['Sea Loch', 'Lake']","[3, 0]"
110,111,"['Keeling Islands', 'Palau', 'Mozambique']","[65, 244, 184]","['Lake', 'Wreck', 'Drift']","[3, 2]"
111,112,"['Egypt', 'Malaysia']","[354, 380]","['Wreck', 'Muck']","[6, 5]"
112,113,"['Cyprus', 'Indonesia']","[243, 18, 209]","['Quarry', 'Sandy bottom']","[1, 5]"
113,114,"['Republic of Mauritius', 'Chagos Archipelago']","[495, 450, 303]","['Muck', 'Lake']","[4, 6]"
114,115,"['Republic of Mauritius', 'Chagos Archipelago', 'Barbados']","[13, 10, 473]","['Cave', 'Drift', 'Pinnacle']","[1, 0]"
115,116,"['Panama', 'Canada', 'Norway']","[59, 287]","['Fjord', 'Wreck', 'Reef']","[1, 2]"
116,117,"['Indonesia', 'Curacao']","[457, 411]","['Reef', 'Wreck', 'Channel']","[4, 6]"
117,118,"['Malta', 'Montenegro']","[419, 496]","['Pinnacle', 'Reef', 'Quarry']","[6, 4]"
118,119,"['Philippines', 'Italy', 'Thailand']","[92, 376, 163]","['Sea Loch', 'Reef', 'Wall']","[6, 2]"
119,120,"['India', 'Costa Rica', 'Dominica']","[106, 273]","['Cave', 'Cavern']","[4, 0]"
120,121,"['Grenada', 'Bulgaria']","[43, 483]","['Lake', 'Sea Loch']","[4, 5]"
121,122,"['French Polynesia', 'Canary Islands', 'Luxembourg']","[229, 132]","['Sandy bottom', 'Pinnacle', 'Muck']","[3, 5]"
122,123,"['Benin', 'Palau']","[244, 411]","['Sandy bottom', 'Sea Loch']","[0, 2]"
123,124,"['Niue', 'Russia', 'Saint Vincent and the Grenadines']","[68, 267, 395]","['Archaeological', 'Cave', 'Quarry']","[0, 2]"
124,125,"['Malta', 'Qatar']","[64, 145]","['Channel', 'Cave']","[2, 4]"
125,126,"['Dominican Republic', 'Puerto Rico', 'Finland']","[240, 26]","['Channel', 'Wreck', 'Sea Loch']","[5, 2]"
126,127,"['Netherlands', 'East Timor']","[176, 95]","['Pinnacle', 'Muck', 'Quarry']","[6, 0]"
127,128,"['Reunion', 'Latvia']","[354, 82, 266]","['Sea Loch', 'Pinnacle', 'Lake']","[6, 3]"
128,129,"['Dominican Republic', 'Turkey']","[389, 56, 288]","['Fjord', 'Cavern', 'Quarry']","[7, 6]"
129,130,"['Cayman Islands', 'Egypt', 'Andaman and Nicobar']","[281, 321, 107]","['Muck', 'Pinnacle']","[4, 6]"
130,131,"['Italy', 'Maldives', 'Vietnam']","[165, 107, 470]","['Quarry', 'Ocean']","[2, 3]"
131,132,"['Reunion', 'Sweden']","[102, 177]","['Sea Loch', 'Archaeological']","[2, 0]"
132,133,"['Chile', 'Aruba']","[382, 421, 292]","['Cavern', 'Ocean', 'Channel']","[6, 1]"
133,134,"['Barbados', 'Keeling Islands', 'Saba']","[475, 404, 188]","['River', 'Pinnacle']","[2, 0]"
134,135,"['Belgium', 'Peru']","[47, 211]","['Archaeological', 'Ocean', 'Cavern']","[6, 0]"
135,136,"['Netherlands', 'Venezuela', 'Maldives']","[195, 247]","['Lake', 'Ocean', 'Quarry']","[4, 0]"
136,137,"['Norway', 'Canada', 'Latvia']","[157, 453]","['Lake', 'Beach', 'Quarry']","[2, 1]"
137,138,"['Fiji', 'Iceland', 'Egypt']","[385, 197]","['Lake', 'Sea Loch']","[1, 3]"
138,139,"['Netherlands', 'Ecuador', 'Maldives']","[359, 364]","['Wall', 'Sea Loch']","[5, 4]"
139,140,"['Kenya', 'Slovakia', 'Qatar']","[327, 275]","['Sea Loch', 'Cavern']","[0, 3]"
140,141,"['Latvia', 'Northern Mariana Islands']","[244, 207]","['Beach', 'Reef', 'Pinnacle']","[5, 6]"
141,142,"['Cayman Islands', 'Azerbaijan', 'Ecuador']","[283, 392, 91]","['Wreck', 'Cavern']","[3, 6]"
142,143,"['Curacao', 'Turkey', 'Mauritius']","[182, 34, 147]","['River', 'Lake']","[7, 0]"
143,144,"['Sudan', 'Fiji', 'Curacao']","[148, 31, 281]","['Sandy bottom', 'Reef']","[7, 5]"
144,145,"['Chagos Archipelago', 'Singapore']","[122, 249]","['Pinnacle', 'Ocean', 'Wall']","[5, 3]"
145,146,"['Seychelles', 'Palau', 'Fiji']","[362, 63, 390]","['Sandy bottom', 'Archaeological', 'Ocean']","[5, 0]"
146,147,"['Peru', 'Palau', 'El Salvador']","[441, 443, 338]","['Drift', 'Muck']","[6, 0]"
147,148,"['Austria', 'Gibraltar']","[279, 196]","['Channel', 'Spring', 'Muck']","[4, 1]"
148,149,"['Chile', 'Indonesia', 'Seychelles']","[312, 1, 13]","['Wall', 'Drift', 'Lake']","[4, 7]"
149,150,"['Oman', 'Saint Vincent and the Grenadines']","[52, 335]","['Reef', 'Wall']","[3, 6]"
150,151,"['Gibraltar', 'South Korea']","[306, 88]","['Channel', 'Beach']","[4, 1]"
151,152,"['Kuwait', 'Keeling Islands']","[62, 268, 462]","['River', 'Wall', 'Beach']","[4, 2]"
152,153,"['Singapore', 'Dominican Republic']","[349, 402, 468]","['Lake', 'Pinnacle']","[4, 1]"
153,154,"['Pakistan', 'Hungary', 'Puerto Rico']","[149, 125]","['Sandy bottom', 'Cavern']","[6, 5]"
154,155,"['Sweden', 'Indonesia']","[217, 268, 209]","['Sandy bottom', 'Reef', 'Wreck']","[4, 7]"
155,156,"['Keeling Islands', 'Pakistan', 'China']","[132, 346, 469]","['Cavern', 'Reef', 'River']","[5, 3]"
156,157,"['Cape Verde', 'United Kingdom']","[242, 268]","['Archaeological', 'Pinnacle', 'Beach']","[1, 0]"
157,158,"['China', 'Slovenia']","[391, 97, 349]","['Beach', 'Channel']","[7, 6]"
158,159,"['India', 'Cape Verde']","[314, 77, 472]","['Sandy bottom', 'Pinnacle', 'Beach']","[6, 7]"
159,160,"['Jordan', 'Ireland']","[34, 195]","['Ocean', 'Cave', 'Pinnacle']","[0, 2]"
160,161,"['Belgium', 'Colombia']","[54, 217]","['Channel', 'Beach']","[5, 6]"
161,162,"['Australia', 'Belize']","[278, 463]","['Wreck', 'Drift']","[1, 6]"
162,163,"['East Timor', 'Norway']","[344, 38, 306]","['Cavern', 'Channel', 'Drift']","[5, 6]"
163,164,"['United States', 'Oman']","[373, 445]","['Ocean', 'Wreck', 'Muck']","[3, 4]"
164,165,"['Vanuatu', 'East Timor']","[71, 164, 419]","['Wall', 'Lake', 'Drift']","[7, 5]"
165,166,"['Barbados', 'South Africa', 'Saudi Arabia']","[380, 376]","['Cave', 'Archaeological', 'Pool']","[1, 0]"
166,167,"['French Polynesia', 'Jordan']","[286, 59, 77]","['Channel', 'Reef', 'Quarry']","[2, 5]"
167,168,"['Maldives', 'Bonaire']","[221, 455]","['Pool', 'Fjord', 'Drift']","[6, 5]"
168,169,"['Malaysia', 'Libya', 'Belize']","[131, 193]","['Drift', 'Spring', 'Cavern']","[0, 3]"
169,170,"['Kuwait', 'Curacao', 'Guadeloupe']","[118, 286]","['Drift', 'Reef', 'Sandy bottom']","[2, 4]"
170,171,"['Pakistan', 'Venezuela']","[325, 66, 305]","['Wreck', 'Muck']","[3, 5]"
171,172,"['Egypt', 'Vanuatu', 'South Korea']","[408, 60, 471]","['Sea Loch', 'Wall', 'Spring']","[6, 1]"
172,173,"['Kenya', 'South Africa', 'Qatar']","[182, 267]","['Sandy bottom', 'Wreck']","[3, 0]"
173,174,"['Azerbaijan', 'Benin']","[172, 333]","['Lake', 'Pinnacle', 'Cave']","[1, 6]"
174,175,"['Bulgaria', 'Qatar']","[292, 101]","['Pinnacle', 'Spring', 'Beach']","[6, 3]"
175,176,"['Curacao', 'Azerbaijan', 'Vanuatu']","[248, 362, 119]","['Channel', 'Beach']","[4, 3]"
176,177,"['Brazil', 'Republic of Mauritius', 'Indonesia']","[217, 28, 179]","['Drift', 'Archaeological', 'Pool']","[6, 3]"
177,178,"['Singapore', 'Russia']","[459, 260, 31]","['Ocean', 'Cavern', 'Pool']","[3, 6]"
178,179,"['Mauritius', 'Poland']","[3, 330, 181]","['Wreck', 'Drift']","[7, 1]"
179,180,"['Portugal', 'Croatia']","[425, 378]","['Archaeological', 'Fjord']","[1, 0]"
180,181,"['Jersey', 'Trinidad and Tobago']","[78, 426]","['Sea Loch', 'Quarry']","[2, 1]"
181,182,"['Venezuela', 'Sint-Maarten']","[257, 93, 410]","['Fjord', 'Sea Loch']","[1, 2]"
182,183,"['Colombia', 'China', 'Trinidad and Tobago']","[126, 362, 208]","['Lake', 'Sea Loch']","[6, 5]"
183,184,"['Vietnam', 'Iceland', 'Sint-Maarten']","[105, 180]","['Pinnacle', 'Spring']","[1, 3]"
184,185,"['Australia', 'Maldives', 'Malaysia']","[1, 281]","['Pool', 'Beach', 'Lake']","[5, 6]"
185,186,"['Luxembourg', 'Cape Verde', 'Belize']","[37, 265, 419]","['Beach', 'Sea Loch', 'Channel']","[7, 1]"
186,187,"['Cape Verde', 'Italy', 'Republic of Mauritius']","[6, 174, 237]","['Drift', 'River', 'Fjord']","[0, 6]"
187,188,"['Libya', 'Cape Verde', 'Trinidad and Tobago']","[166, 297]","['Ocean', 'Quarry']","[5, 4]"
188,189,"['Sri Lanka', 'Taiwan', 'Kuwait']","[179, 74]","['River', 'Pinnacle', 'Quarry']","[1, 4]"
189,190,"['Chile', 'Argentina']","[388, 344, 4]","['Fjord', 'Spring', 'Muck']","[5, 1]"
190,191,"['Northern Mariana Islands', 'Netherlands', 'United Arab Emirates']","[226, 143, 334]","['Fjord', 'Wreck']","[7, 1]"
191,192,"['Qatar', 'Mozambique', 'Hawaii']","[270, 209, 468]","['Quarry', 'River', 'Pinnacle']","[4, 0]"
192,193,"['Aruba', 'Puerto Rico']","[139, 423]","['Wreck', 'Archaeological', 'Drift']","[7, 6]"
193,194,"['Egypt', 'Azores', 'Vietnam']","[11, 65, 423]","['River', 'Fjord']","[2, 0]"
194,195,"['Northern Mariana Islands', 'Thailand']","[267, 449, 399]","['Ocean', 'Muck']","[6, 5]"
195,196,"['Grenada', 'Bermuda']","[38, 311, 438]","['Wreck', 'Quarry']","[2, 1]"
196,197,"['Brazil', 'Indonesia', 'Reunion']","[89, 12]","['Drift', 'Ocean', 'Pinnacle']","[3, 5]"
197,198,"['Turkey', 'Bahamas', 'Guadeloupe']","[159, 452]","['Wreck', 'Pool']","[0, 1]"
198,199,"['Libya', 'Croatia', 'Jordan']","[29, 191, 401]","['Muck', 'Sandy bottom', 'Ocean']","[6, 4]"
199,200,"['Italy', 'Niue', 'Federated States Of Micronesia']","[461, 2]","['Drift', 'Pool']","[6, 1]"
200,201,"['Virgin Islands', 'Panama', 'Taiwan']","[2, 148, 260]","['Channel', 'Reef']","[3, 5]"
201,202,"['Ireland', 'Azores', 'South Africa']","[76, 134, 214]","['Fjord', 'Beach']","[7, 1]"
202,203,"['Luxembourg', 'Venezuela', 'Sint-Maarten']","[335, 280]","['Sea Loch', 'Pinnacle']","[6, 7]"
203,204,"['Finland', 'Sri Lanka', 'United Arab Emirates']","[141, 460, 170]","['Spring', 'Archaeological']","[3, 0]"
204,205,"['India', 'Luxembourg', 'Saint Kitts and Nevis']","[228, 289]","['Ocean', 'Channel', 'Sea Loch']","[3, 7]"
205,206,"['Jersey', 'Reunion']","[482, 99]","['Drift', 'Muck']","[1, 0]"
206,207,"['Barbados', 'East Timor', 'Curacao']","[412, 231]","['Wall', 'Cave', 'Sea Loch']","[6, 7]"
207,208,"['Denmark', 'Reunion', 'Iceland']","[112, 406]","['Wall', 'Cavern']","[5, 2]"
208,209,"['Jersey', 'Trinidad and Tobago', 'Colombia']","[127, 423, 89]","['Cave', 'Archaeological']","[5, 4]"
209,210,"['Brunei', 'Brazil']","[416, 473, 287]","['Cave', 'Muck']","[1, 4]"
210,211,"['Fiji', 'United Kingdom', 'Saint Kitts and Nevis']","[92, 255, 436]","['Cavern', 'Muck']","[4, 1]"
211,212,"['Azerbaijan', 'China', 'Philippines']","[234, 43, 356]","['Wreck', 'Cavern']","[6, 1]"
212,213,"['Virgin Islands', 'Jamaica', 'Trinidad and Tobago']","[223, 382, 238]","['Muck', 'Sea Loch', 'Ocean']","[1, 5]"
213,214,"['Bulgaria', 'Niue', 'Ireland']","[126, 351, 245]","['Muck', 'Sea Loch', 'River']","[6, 5]"
214,215,"['East Timor', 'Aruba', 'Spain']","[349, 177]","['Channel', 'Fjord']","[1, 7]"
215,216,"['Gibraltar', 'Kuwait']","[34, 13, 24]","['Spring', 'Reef']","[6, 1]"
216,217,"['Canada', 'Fiji', 'Andaman and Nicobar']","[482, 480, 325]","['Cave', 'Wreck', 'Drift']","[1, 0]"
217,218,"['Jersey', 'Malaysia']","[324, 168, 376]","['Drift', 'Cavern']","[6, 0]"
218,219,"['Reunion', 'Oman']","[291, 192]","['Beach', 'Spring']","[0, 1]"
219,220,"['Oman', 'United Kingdom', 'East Timor']","[29, 259]","['Pool', 'Archaeological']","[5, 0]"
220,221,"['Libya', 'Germany', 'Saint Kitts and Nevis']","[63, 32]","['Spring', 'Cave', 'Wall']","[3, 7]"
221,222,"['Galapagos', 'Saint Vincent and the Grenadines']","[439, 231, 185]","['Pinnacle', 'Wreck', 'Wall']","[7, 5]"
222,223,"['Croatia', 'French Polynesia', 'Italy']","[422, 99]","['Pool', 'Reef']","[0, 2]"
223,224,"['Republic of Mauritius', 'East Timor', 'Greece']","[460, 190]","['Pool', 'Archaeological']","[7, 2]"
224,225,"['Luxembourg', 'Bonaire']","[295, 244, 178]","['Drift', 'Reef', 'Sandy bottom']","[1, 7]"
225,226,"['Norway', 'Aruba', 'El Salvador']","[379, 292]","['River', 'Wall', 'Cavern']","[3, 7]"
226,227,"['Benin', 'Singapore']","[293, 448, 281]","['Lake', 'Sea Loch']","[3, 6]"
227,228,"['Bermuda', 'Australia', 'Cayman Islands']","[247, 467]","['Lake', 'Pool']","[4, 5]"
228,229,"['Canary Islands', 'Switzerland', 'United Arab Emirates']","[263, 316, 496]","['Fjord', 'Lake']","[4, 5]"
229,230,"['Hawaii', 'Mauritius', 'China']","[376, 373]","['Quarry', 'Wreck', 'River']","[7, 1]"
230,231,"['Cambodia', 'Malaysia', 'El Salvador']","[77, 470]","['Fjord', 'Pinnacle', 'Beach']","[3, 7]"
231,232,"['United Arab Emirates', 'Guadeloupe', 'Madagascar']","[189, 299]","['Ocean', 'Spring', 'Sandy bottom']","[4, 1]"
232,233,"['Guadeloupe', 'Madeira', 'France']","[299, 489]","['Cavern', 'Drift', 'Wall']","[3, 5]"
233,234,"['Gibraltar', 'Reunion', 'Malaysia']","[335, 281, 451]","['Muck', 'Channel']","[7, 4]"
234,235,"['Chagos Archipelago', 'Honduras']","[430, 40]","['Spring', 'Lake']","[5, 1]"
235,236,"['Austria', 'Andaman and Nicobar']","[472, 269]","['Drift', 'Wall']","[4, 7]"
236,237,"['Brazil', 'Guadeloupe']","[476, 362]","['Archaeological', 'Ocean', 'Cavern']","[2, 0]"
237,238,"['Virgin Islands', 'Honduras']","[155, 266]","['Quarry', 'Archaeological', 'Wreck']","[0, 2]"
238,239,"['Malta', 'Virgin Islands', 'Philippines']","[23, 329]","['Pinnacle', 'Sandy bottom', 'Archaeological']","[7, 0]"
239,240,"['Denmark', 'Maldives', 'South Africa']","[149, 133, 114]","['Fjord', 'Cavern']","[7, 1]"
240,241,"['Saba', 'France', 'Northern Mariana Islands']","[329, 472, 44]","['Cavern', 'Pool']","[4, 2]"
241,242,"['Romania', 'Hawaii', 'Croatia']","[124, 387]","['Ocean', 'Cavern', 'Spring']","[3, 2]"
242,243,"['Madagascar', 'Philippines', 'Keeling Islands']","[245, 112, 23]","['Reef', 'Beach', 'Cave']","[0, 6]"
243,244,"['Sweden', 'Chagos Archipelago']","[430, 51, 465]","['Ocean', 'Archaeological']","[7, 4]"
244,245,"['Guam', 'Norway', 'Saint Vincent and the Grenadines']","[190, 183]","['Lake', 'Sea Loch']","[4, 6]"
245,246,"['Panama', 'East Timor']","[143, 186, 149]","['Wall', 'Drift']","[1, 3]"
246,247,"['Bulgaria', 'El Salvador', 'Mauritius']","[248, 339, 350]","['Beach', 'Sandy bottom', 'Cave']","[4, 2]"
247,248,"['Hawaii', 'Saba', 'Chile']","[219, 265, 352]","['Muck', 'Lake']","[0, 4]"
248,249,"['Taiwan', 'East Timor']","[13, 461]","['Pool', 'Reef']","[0, 1]"
249,250,"['Mexico', 'Montenegro']","[154, 402, 219]","['Drift', 'Quarry']","[0, 6]"
250,251,"['Taiwan', 'Azerbaijan', 'Malta']","[128, 126]","['Drift', 'Cavern', 'Pool']","[7, 1]"
251,252,"['Netherlands', 'Pakistan', 'Kenya']","[458, 374, 98]","['Cave', 'Quarry']","[4, 7]"
252,253,"['Sint-Maarten', 'Canada', 'Vietnam']","[489, 254]","['Sandy bottom', 'Spring', 'Lake']","[4, 0]"
253,254,"['Venezuela', 'Azores', 'Cyprus']","[153, 113]","['Drift', 'Sea Loch', 'Cavern']","[6, 2]"
254,255,"['South Korea', 'Honduras', 'France']","[23, 7, 307]","['Cave', 'Ocean']","[3, 2]"
255,256,"['Hungary', 'Northern Mariana Islands', 'Benin']","[340, 287, 380]","['Beach', 'Cavern']","[5, 4]"
256,257,"['Northern Mariana Islands', 'Jordan', 'Mexico']","[405, 237]","['River', 'Cave', 'Wreck']","[1, 4]"
257,258,"['Norway', 'United Kingdom']","[78, 386, 493]","['Archaeological', 'Ocean']","[4, 5]"
258,259,"['Mexico', 'Thailand', 'Dominica']","[380, 133, 338]","['Cavern', 'Muck', 'Wall']","[5, 3]"
259,260,"['Bahamas', 'Sint-Maarten', 'Curacao']","[341, 366]","['Beach', 'Channel', 'Wreck']","[1, 6]"
260,261,"['Portugal', 'Republic of Mauritius']","[268, 373, 412]","['Spring', 'Pinnacle', 'Cave']","[1, 3]"
261,262,"['Montenegro', 'Indonesia', 'Saba']","[198, 309]","['Pool', 'Reef']","[2, 1]"
262,263,"['Bermuda', 'Romania', 'Thailand']","[496, 319, 201]","['Channel', 'Quarry', 'Drift']","[3, 0]"
263,264,"['Taiwan', 'Romania', 'Chile']","[274, 226]","['Channel', 'Cave']","[7, 4]"
264,265,"['Germany', 'Argentina']","[219, 388, 484]","['Quarry', 'Ocean']","[6, 5]"
265,266,"['Finland', 'Hungary']","[91, 63, 225]","['Ocean', 'Quarry']","[7, 4]"
266,267,"['Latvia', 'Honduras', 'Egypt']","[98, 61]","['Wreck', 'Archaeological', 'Cave']","[5, 1]"
267,268,"['Reunion', 'Thailand', 'South Korea']","[15, 335, 22]","['Ocean', 'Fjord']","[2, 6]"
268,269,"['Norway', 'Jersey']","[191, 74, 481]","['Archaeological', 'Pinnacle', 'Sandy bottom']","[6, 7]"
269,270,"['Benin', 'Trinidad and Tobago', 'Federated States Of Micronesia']","[56, 381]","['Pool', 'Sandy bottom', 'Cavern']","[6, 3]"
270,271,"['French Polynesia', 'Honduras']","[301, 240, 324]","['Cavern', 'Cave', 'Pinnacle']","[7, 3]"
271,272,"['Chagos Archipelago', 'Mexico']","[321, 192]","['Drift', 'Sea Loch']","[5, 0]"
272,273,"['Vanuatu', 'China', 'Bahamas']","[175, 437]","['Cave', 'Sandy bottom']","[2, 3]"
273,274,"['Ecuador', 'Honduras', 'Jersey']","[31, 235]","['Drift', 'Quarry', 'Cave']","[1, 5]"
274,275,"['Jordan', 'Hawaii', 'Cyprus']","[386, 213]","['Spring', 'Beach', 'Muck']","[2, 1]"
275,276,"['South Korea', 'Senegal']","[164, 305]","['Beach', 'Wreck', 'Sandy bottom']","[2, 4]"
276,277,"['Kuwait', 'Netherlands', 'Iceland']","[125, 480]","['Beach', 'Reef', 'Wreck']","[0, 2]"
277,278,"['Singapore', 'Bermuda', 'Poland']","[467, 121, 138]","['Sandy bottom', 'Pinnacle', 'Wreck']","[7, 0]"
278,279,"['Sint-Maarten', 'Hungary']","[286, 208, 273]","['Sea Loch', 'Pool', 'Quarry']","[7, 0]"
279,280,"['Azerbaijan', 'Aruba']","[478, 450]","['Spring', 'Sea Loch']","[1, 0]"
280,281,"['Japan', 'Malta']","[275, 437]","['Beach', 'Cave', 'Archaeological']","[3, 5]"
281,282,"['Russia', 'Vietnam', 'Saint Kitts and Nevis']","[208, 121]","['Fjord', 'Cave']","[1, 4]"
282,283,"['Cyprus', 'French Polynesia', 'Libya']","[160, 163, 315]","['Pinnacle', 'Muck']","[5, 2]"
283,284,"['Greece', 'Saudi Arabia']","[241, 263]","['Wreck', 'Pool']","[5, 3]"
284,285,"['Madagascar', 'Argentina']","[176, 475]","['Fjord', 'Muck']","[7, 2]"
285,286,"['Romania', 'Germany', 'Spain']","[22, 55, 500]","['Sandy bottom', 'Ocean', 'Beach']","[6, 3]"
286,287,"['Brunei', 'Bahamas']","[475, 43, 156]","['River', 'Archaeological', 'Beach']","[2, 4]"
287,288,"['Spain', 'Belgium']","[85, 51]","['Ocean', 'Channel']","[0, 1]"
288,289,"['Croatia', 'Republic of Mauritius', 'Grenada']","[373, 257, 455]","['Sea Loch', 'Muck', 'Reef']","[2, 7]"
289,290,"['Canada', 'Belgium', 'Palau']","[62, 264]","['Wall', 'Wreck']","[3, 7]"
290,291,"['Costa Rica', 'Kenya', 'Norway']","[59, 116]","['Cave', 'Beach', 'Channel']","[3, 5]"
291,292,"['Guam', 'Singapore']","[77, 179]","['Drift', 'Sandy bottom', 'Ocean']","[1, 6]"
292,293,"['Canary Islands', 'Fiji', 'Ecuador']","[449, 288, 43]","['Ocean', 'Lake', 'Channel']","[5, 7]"
293,294,"['Bahamas', 'Malta']","[180, 362, 232]","['Muck', 'Cavern']","[5, 4]"
294,295,"['Ireland', 'Croatia']","[339, 472, 310]","['Cavern', 'Ocean']","[2, 3]"
295,296,"['Turkey', 'Vanuatu']","[32, 400, 195]","['Cave', 'Archaeological', 'Sea Loch']","[0, 3]"
296,297,"['Belize', 'Andaman and Nicobar', 'Italy']","[127, 347]","['Cave', 'Reef']","[5, 1]"
297,298,"['French Polynesia', 'Sint-Eustatius', 'Puerto Rico']","[411, 463, 284]","['River', 'Lake']","[6, 2]"
298,299,"['Brazil', 'Grenada', 'Netherlands']","[161, 484]","['Wreck', 'Channel']","[0, 6]"
299,300,"['Japan', 'Egypt']","[307, 322, 331]","['Cave', 'Wall', 'Ocean']","[5, 7]"
300,301,"['Puerto Rico', 'Denmark', 'Slovenia']","[29, 83]","['River', 'Cavern', 'Fjord']","[2, 4]"
301,302,"['Seychelles', 'Greece']","[322, 239]","['Lake', 'Spring']","[5, 4]"
302,303,"['Chagos Archipelago', 'Cyprus']","[181, 370]","['Quarry', 'Lake', 'Pool']","[3, 5]"
303,304,"['Switzerland', 'Libya', 'Denmark']","[242, 333, 174]","['Reef', 'Sea Loch', 'Pinnacle']","[5, 7]"
304,305,"['El Salvador', 'Austria']","[437, 343, 107]","['Cavern', 'Spring', 'Beach']","[0, 7]"
305,306,"['Portugal', 'Slovakia', 'South Korea']","[207, 212]","['Ocean', 'Beach', 'Reef']","[0, 5]"
306,307,"['Ireland', 'Sint-Eustatius']","[311, 13]","['Quarry', 'Sandy bottom', 'Channel']","[3, 5]"
307,308,"['Sweden', 'China']","[47, 487, 499]","['Archaeological', 'Ocean']","[6, 2]"
308,309,"['Germany', 'Dominica']","[467, 453, 313]","['Spring', 'Pool', 'Pinnacle']","[3, 0]"
309,310,"['Thailand', 'Honduras', 'New Zealand']","[446, 299]","['Drift', 'River', 'Archaeological']","[3, 0]"
310,311,"['El Salvador', 'Cape Verde', 'Italy']","[283, 277]","['Pinnacle', 'Pool', 'Cavern']","[3, 5]"
311,312,"['Spain', 'Canary Islands', 'Latvia']","[490, 266]","['Ocean', 'Cave']","[7, 1]"
312,313,"['Benin', 'Venezuela', 'Norway']","[126, 187]","['Channel', 'Reef']","[3, 7]"
313,314,"['United Arab Emirates', 'Jordan', 'Bermuda']","[299, 416, 79]","['Pool', 'Channel']","[1, 6]"
314,315,"['Colombia', 'Cape Verde', 'Gibraltar']","[491, 428]","['Fjord', 'Reef']","[5, 3]"
315,316,"['Cyprus', 'Dominica']","[391, 103]","['Sandy bottom', 'Spring']","[4, 6]"
316,317,"['Jersey', 'Barbados', 'Bermuda']","[423, 282, 99]","['Quarry', 'Archaeological']","[1, 6]"
317,318,"['Barbados', 'Sint-Eustatius']","[243, 479, 415]","['River', 'Muck']","[3, 7]"
318,319,"['Puerto Rico', 'Canary Islands']","[213, 65]","['Wall', 'Muck']","[1, 7]"
319,320,"['Cambodia', 'Denmark']","[226, 463, 152]","['Cave', 'Fjord']","[0, 5]"
320,321,"['Japan', 'Galapagos']","[368, 150, 300]","['Wall', 'Spring', 'Quarry']","[4, 5]"
321,322,"['Madeira', 'Northern Mariana Islands', 'Sweden']","[255, 408]","['Fjord', 'Ocean', 'Drift']","[1, 3]"
322,323,"['Thailand', 'Barbados']","[177, 481, 53]","['River', 'Lake']","[7, 6]"
323,324,"['Netherlands', 'Kenya']","[313, 169, 148]","['Spring', 'Cavern']","[7, 4]"
324,325,"['Italy', 'Switzerland']","[159, 73, 327]","['Ocean', 'Muck']","[4, 5]"
325,326,"['Saba', 'Venezuela']","[126, 128]","['Wall', 'Sandy bottom', 'Cavern']","[1, 6]"
326,327,"['Switzerland', 'Canary Islands', 'Ecuador']","[264, 360]","['River', 'Fjord', 'Ocean']","[0, 4]"
327,328,"['Fiji', 'Federated States Of Micronesia']","[388, 328, 236]","['Channel', 'Cave']","[5, 6]"
328,329,"['Qatar', 'Papua New Guinea']","[417, 238, 202]","['Fjord', 'Pool', 'Channel']","[4, 0]"
329,330,"['Colombia', 'Bonaire']","[247, 464]","['Pool', 'Sea Loch']","[6, 3]"
330,331,"['Malta', 'Kuwait']","[334, 381]","['Pinnacle', 'Wall']","[4, 1]"
331,332,"['Kenya', 'Argentina']","[241, 162]","['Sea Loch', 'Cave']","[7, 2]"
332,333,"['East Timor', 'Chagos Archipelago']","[322, 311]","['Wreck', 'Beach', 'River']","[2, 0]"
333,334,"['Bahamas', 'Senegal']","[490, 291, 345]","['Cavern', 'Wreck', 'Quarry']","[7, 2]"
334,335,"['Bahamas', 'Brunei']","[33, 79, 311]","['Pinnacle', 'Pool', 'Spring']","[3, 7]"
335,336,"['Mozambique', 'Belgium']","[382, 475]","['Cavern', 'Spring']","[1, 6]"
336,337,"['Cayman Islands', 'Madeira']","[345, 347, 482]","['Pool', 'Drift']","[0, 4]"
337,338,"['Hungary', 'Ecuador', 'Kenya']","[162, 355, 426]","['Cave', 'Archaeological']","[0, 3]"
338,339,"['Chile', 'Thailand']","[285, 261, 176]","['Pool', 'Sea Loch']","[2, 0]"
339,340,"['Singapore', 'Turkey', 'South Africa']","[171, 446, 374]","['Lake', 'Drift']","[2, 6]"
340,341,"['Saba', 'Curacao', 'Croatia']","[119, 487]","['Spring', 'Fjord', 'Wall']","[3, 6]"
341,342,"['Madagascar', 'Japan', 'Canada']","[483, 108]","['Wall', 'Spring', 'Fjord']","[2, 3]"
342,343,"['Venezuela', 'Chagos Archipelago', 'Australia']","[4, 375, 233]","['Beach', 'Muck']","[2, 7]"
343,344,"['Madagascar', 'South Africa', 'United Arab Emirates']","[329, 176]","['Cave', 'Muck', 'Archaeological']","[5, 3]"
344,345,"['Norway', 'Denmark']","[472, 244]","['Drift', 'Wall']","[5, 3]"
345,346,"['Jersey', 'Curacao', 'Montenegro']","[409, 35]","['Archaeological', 'Wall', 'Quarry']","[1, 5]"
346,347,"['French Polynesia', 'Tanzania']","[352, 396]","['Lake', 'Wall']","[2, 1]"
347,348,"['Romania', 'Luxembourg']","[315, 153]","['Archaeological', 'Lake', 'Beach']","[4, 0]"
348,349,"['Malta', 'Bermuda']","[161, 446, 173]","['Quarry', 'Lake']","[0, 7]"
349,350,"['Slovakia', 'Montenegro', 'East Timor']","[96, 90]","['Drift', 'Channel']","[4, 1]"
350,351,"['Netherlands', 'Federated States Of Micronesia', 'Peru']","[182, 498, 221]","['Cavern', 'River', 'Ocean']","[0, 4]"
351,352,"['Belgium', 'Keeling Islands', 'Peru']","[488, 477]","['Pinnacle', 'Archaeological']","[7, 1]"
352,353,"['Taiwan', 'Egypt']","[277, 107]","['Sandy bottom', 'Sea Loch', 'Wall']","[6, 1]"
353,354,"['Egypt', 'Hawaii', 'Puerto Rico']","[468, 353, 465]","['Cavern', 'Reef']","[0, 5]"
354,355,"['Virgin Islands', 'Azores']","[258, 32]","['Pool', 'Sandy bottom']","[5, 0]"
355,356,"['Federated States Of Micronesia', 'Thailand']","[466, 225, 228]","['Sandy bottom', 'Beach', 'Reef']","[5, 6]"
356,357,"['Azores', 'Ireland', 'Austria']","[40, 262, 162]","['Muck', 'Fjord']","[7, 3]"
357,358,"['Spain', 'Chile']","[154, 485, 327]","['Cavern', 'Pool', 'Drift']","[5, 4]"
358,359,"['Saudi Arabia', 'Dominican Republic', 'Iceland']","[436, 222]","['Muck', 'Quarry', 'Wall']","[2, 1]"
359,360,"['Turkey', 'Portugal', 'Sri Lanka']","[57, 272, 388]","['Quarry', 'Channel']","[1, 0]"
360,361,"['Virgin Islands', 'Chagos Archipelago']","[169, 300]","['Pinnacle', 'Cavern', 'River']","[0, 5]"
361,362,"['Germany', 'Taiwan']","[314, 173, 320]","['Spring', 'Channel']","[0, 6]"
362,363,"['Russia', 'Sint-Maarten', 'Sri Lanka']","[352, 247]","['Spring', 'River']","[7, 4]"
363,364,"['Chagos Archipelago', 'Barbados']","[234, 174, 240]","['Spring', 'Beach']","[4, 7]"
364,365,"['Malta', 'Japan', 'Norway']","[339, 346]","['Wall', 'Muck', 'Beach']","[1, 2]"
365,366,"['Mauritius', 'Jersey']","[167, 14, 483]","['Drift', 'Sandy bottom', 'Ocean']","[7, 1]"
366,367,"['Portugal', 'Canary Islands']","[426, 34, 354]","['Pool', 'Spring']","[1, 5]"
367,368,"['Malta', 'Maldives', 'Latvia']","[242, 192, 187]","['Muck', 'Channel']","[3, 5]"
368,369,"['New Zealand', 'Sint-Maarten', 'Maldives']","[94, 48, 77]","['Drift', 'Lake', 'Pool']","[2, 5]"
369,370,"['Denmark', 'Thailand', 'Cayman Islands']","[422, 366]","['Pinnacle', 'Beach', 'Spring']","[6, 4]"
370,371,"['Brunei', 'Sweden', 'Slovenia']","[79, 391]","['Cave', 'Spring']","[6, 2]"
371,372,"['Argentina', 'Luxembourg', 'Galapagos']","[154, 384, 198]","['Quarry', 'Drift', 'River']","[5, 1]"
372,373,"['Reunion', 'Thailand']","[89, 332]","['River', 'Spring']","[1, 5]"
373,374,"['Gibraltar', 'Poland']","[258, 178, 195]","['Beach', 'Quarry']","[7, 3]"
374,375,"['Jamaica', 'Guam']","[120, 88, 241]","['Beach', 'Drift']","[4, 0]"
375,376,"['Guadeloupe', 'Japan']","[289, 191, 84]","['Pool', 'Sandy bottom']","[6, 2]"
376,377,"['Latvia', 'Bahamas']","[215, 301, 288]","['Beach', 'Cavern']","[6, 2]"
377,378,"['Montenegro', 'Vietnam']","[10, 110]","['Reef', 'Beach']","[5, 2]"
378,379,"['South Korea', 'Croatia', 'Puerto Rico']","[234, 238]","['Fjord', 'Archaeological', 'River']","[5, 3]"
379,380,"['Keeling Islands', 'Australia']","[461, 423, 292]","['Lake', 'Sandy bottom']","[7, 0]"
380,381,"['El Salvador', 'Dominican Republic']","[408, 223, 25]","['Drift', 'Pool']","[0, 1]"
381,382,"['Egypt', 'Kenya']","[52, 142]","['Pool', 'Ocean', 'Lake']","[1, 7]"
382,383,"['Thailand', 'Maldives', 'Norway']","[50, 446, 383]","['Quarry', 'Muck', 'Lake']","[6, 4]"
383,384,"['Germany', 'Ecuador', 'Luxembourg']","[321, 319, 89]","['River', 'Muck', 'Fjord']","[7, 4]"
384,385,"['Canary Islands', 'Senegal', 'Republic of Mauritius']","[26, 262, 161]","['Quarry', 'Lake', 'Pinnacle']","[1, 5]"
385,386,"['Sint-Eustatius', 'Slovenia', 'Bermuda']","[464, 357]","['Drift', 'Pinnacle', 'Pool']","[7, 3]"
386,387,"['Montenegro', 'Cayman Islands', 'Chagos Archipelago']","[224, 468]","['Pinnacle', 'Quarry', 'Cave']","[3, 2]"
387,388,"['Malta', 'Northern Mariana Islands']","[62, 145, 426]","['Lake', 'Drift']","[1, 3]"
388,389,"['New Zealand', 'United Kingdom']","[195, 389]","['Ocean', 'Sea Loch', 'Quarry']","[5, 6]"
389,390,"['Croatia', 'Slovenia']","[9, 237]","['Beach', 'Pinnacle']","[4, 0]"
390,391,"['Argentina', 'Sint-Eustatius', 'United States']","[438, 405]","['Ocean', 'Quarry', 'Fjord']","[3, 0]"
391,392,"['Cambodia', 'Saint Vincent and the Grenadines', 'South Africa']","[424, 453]","['Fjord', 'Sea Loch']","[4, 0]"
392,393,"['New Zealand', 'Guadeloupe']","[331, 15, 373]","['Beach', 'Quarry', 'River']","[1, 2]"
393,394,"['Venezuela', 'Egypt', 'Austria']","[185, 449]","['Reef', 'Sandy bottom']","[6, 4]"
394,395,"['Poland', 'Libya']","[164, 323, 201]","['Spring', 'Beach']","[1, 4]"
395,396,"['Taiwan', 'Saint Vincent and the Grenadines', 'New Zealand']","[65, 70]","['Sandy bottom', 'Ocean']","[5, 6]"
396,397,"['Sri Lanka', 'Thailand', 'Saint Vincent and the Grenadines']","[283, 249, 486]","['Archaeological', 'Wreck']","[1, 7]"
397,398,"['Saudi Arabia', 'Sweden']","[330, 400, 498]","['Pool', 'Spring']","[2, 5]"
398,399,"['Papua New Guinea', 'Bermuda']","[277, 344]","['Sandy bottom', 'Reef']","[3, 1]"
399,400,"['Barbados', 'Thailand', 'Mauritius']","[123, 100, 20]","['Ocean', 'Fjord', 'Cavern']","[2, 4]"
